Gênero,Ano_hemograma,Código,Provável HAM/TSP,HAM/TSP,rs10748643,rs11188513,Blastos,Promielocitos,Mielocitos,Metamielocitos,Bastonetes,Leucócitos,Segmentados (neutrofilos),Eosinófilos,Basófilos,Linfocitos Tipicos,Linfocitos Atipicos,Monócitos,Eritroblastos,MPV (fL),Plaquetas (x10^3 μl),HEMÁCIAS (x10^6μl),HEMOGLOBINA (g/dL),HEMATÓCRITO (%),VCM (fL),HCM (pg),CHCM (g/dL)
F,45,25,0,0,1,1,0,0,0,0,0,5,4,0,0,1,0,0,0,11,292,4,12,37,89,28,32
F,51,23,0,0,2,0,0,0,0,0,0,16,4,0,0,11,0,1,0,10,313,5,14,41,87,30,34
M,42,72,0,0,1,1,0,0,0,0,0,10,6,0,0,3,0,1,0,11,196,5,18,48,81,30,37
F,19,46,0,0,1,2,0,0,0,0,0,8,4,0,0,3,0,1,0,11,240,4,12,35,79,28,35
F,55,14,0,0,1,0,0,0,0,0,0,8,4,0,0,3,0,0,0,10,368,5,12,36,79,27,34
F,44,108,0,0,2,2,0,0,0,0,0,6,5,0,0,1,0,0,0,10,284,5,14,41,90,32,36
F,31,37,0,0,2,1,0,0,0,0,0,7,4,0,0,2,0,0,0,12,154,6,18,53,90,31,35
F,46,110,0,0,1,0,0,0,0,0,0,8,5,0,0,2,0,1,0,10,301,5,13,39,85,28,33
M,47,40,0,0,1,0,0,0,0,0,0,8,4,0,0,2,0,0,0,11,251,5,15,42,83,29,35
F,54,52,0,0,1,1,0,0,0,0,0,2,1,0,0,1,0,0,0,13,95,4,12,36,88,30,34
F,56,15,0,0,2,2,0,0,0,0,0,7,3,0,0,3,0,1,0,11,292,4,12,36,90,30,34
M,61,114,1,1,1,1,0,0,0,0,0,3,1,0,0,1,0,0,0,10,98,4,12,35,85,29,34
M,36,60,0,?,1,1,0,0,0,0,0,8,4,0,0,3,0,1,0,11,291,5,14,42,89,30,34
F,46,65,1,1,1,1,0,0,0,0,0,5,3,0,0,2,0,1,0,11,267,5,13,40,88,29,33
F,48,97,0,0,0,0,0,0,0,0,0,8,5,0,0,3,0,0,0,9,359,5,13,39,85,29,34
F,56,89,0,?,0,0,0,0,0,0,0,7,4,0,0,2,0,1,0,10,288,4,12,37,83,27,33
M,56,63,1,1,1,1,0,0,0,0,0,11,6,0,0,3,0,1,0,11,308,5,14,41,90,31,34
F,37,109,0,0,1,1,0,0,0,0,0,5,3,1,0,1,0,1,0,12,166,5,14,41,84,28,33
F,46,115,0,0,2,2,0,0,0,0,0,7,4,0,0,2,0,0,0,12,242,4,12,36,84,27,33
F,48,9,0,0,1,1,0,0,0,0,0,5,3,0,0,2,0,0,0,10,250,4,12,34,84,29,34
F,53,99,1,1,2,0,0,0,0,0,0,6,3,0,0,3,0,0,0,10,286,4,15,44,88,30,34
F,73,35,0,0,2,2,0,0,0,0,0,3,2,0,0,0,0,0,0,10,170,4,12,34,90,31,34
M,65,102,0,0,2,0,0,0,0,0,0,7,4,0,0,2,0,1,0,12,208,5,15,45,85,29,34
F,44,47,0,0,1,1,0,0,0,0,0,5,2,0,0,2,0,1,0,10,159,5,14,40,89,30,34
M,18,74,0,0,1,0,0,0,0,0,0,8,3,0,0,4,0,1,0,12,272,5,16,44,83,35,35
M,46,113,0,0,1,1,0,0,0,0,0,6,3,0,0,2,0,1,0,10,171,5,15,44,82,28,34
M,74,27,1,0,1,1,0,0,0,0,0,8,5,0,0,2,0,1,0,12,235,5,15,44,89,30,34
M,48,81,0,0,1,1,0,0,0,0,0,6,3,0,0,2,0,1,0,9,290,6,13,41,71,22,31
M,38,10,0,0,0,0,0,0,0,0,0,7,4,0,0,2,0,0,0,10,190,4,13,38,90,30,34
F,72,49,0,0,2,1,0,0,0,0,0,8,5,0,0,2,0,0,0,11,204,4,14,41,90,31,34
F,58,116,0,0,0,0,0,0,0,0,0,2,1,0,0,1,0,0,0,10,280,4,12,37,84,28,33
F,69,22,0,0,1,1,0,0,0,0,0,6,4,0,0,2,0,1,0,10,206,4,12,37,89,30,34
F,18,106,1,1,0,0,0,0,0,0,0,7,4,0,0,3,0,0,0,12,226,5,13,0,88,30,34
M,69,66,0,0,1,1,0,0,0,0,0,4,2,0,0,1,0,0,0,9,143,5,15,0,90,31,35
F,28,59,1,?,0,0,0,0,0,0,0,9,4,1,0,2,0,1,0,10,304,4,11,32,80,28,35
M,38,29,0,0,1,1,0,0,0,0,0,6,2,0,0,3,0,1,0,9,348,4,15,43,90,32,36
F,36,62,0,0,0,0,0,0,0,0,0,6,2,0,0,3,0,0,0,10,294,4,13,39,83,28,34
F,31,107,1,1,0,0,0,0,0,0,0,7,5,0,0,2,0,0,0,10,256,5,13,38,81,29,35
F,51,69,1,0,2,1,0,0,0,0,0,8,5,0,0,2,0,1,0,14,144,4,13,38,86,30,35
M,60,118,1,1,1,1,0,0,0,0,0,8,4,0,0,3,0,1,0,10,310,5,14,42,89,29,33
M,54,121,0,0,0,0,0,0,0,0,0,7,4,0,0,2,0,1,0,10,195,4,14,41,96,32,34
M,62,3,1,0,1,1,0,0,0,0,0,6,3,0,0,2,0,1,0,12,233,4,11,35,83,26,32
M,29,45,0,0,1,1,0,0,0,0,0,6,3,0,0,2,0,1,0,10,247,5,16,48,84,29,34
F,60,76,0,?,2,0,0,0,0,0,0,9,4,0,0,3,0,1,0,10,286,4,13,39,87,30,35
F,27,24,1,0,1,1,0,0,0,0,0,8,6,0,0,2,0,0,0,11,297,4,13,38,88,30,34
M,58,85,1,1,2,1,0,0,0,0,0,5,3,0,0,1,0,0,0,11,281,5,2,42,89,31,35
F,69,95,0,0,0,0,0,0,0,0,0,8,4,0,0,4,0,0,0,10,251,4,14,40,91,32,35
F,32,7,0,0,1,1,0,0,0,0,0,9,6,1,0,3,0,1,0,10,279,5,14,42,84,28,33
F,25,56,0,0,1,0,0,0,0,0,0,7,4,0,0,3,0,1,0,12,317,4,13,39,86,29,33
F,53,5,0,0,1,0,0,0,0,0,0,6,3,0,0,2,0,1,0,11,367,4,9,29,79,24,30
F,50,88,0,0,2,1,0,0,0,0,0,9,4,1,0,3,0,1,0,12,313,5,14,42,86,29,34
M,56,43,0,?,0,0,0,0,0,0,0,5,2,0,0,2,0,0,0,11,173,5,15,42,80,29,36
M,66,34,0,0,1,1,0,0,0,0,0,5,3,0,0,1,0,0,0,11,258,5,15,43,85,29,34
F,39,119,1,1,1,1,0,0,0,0,0,7,4,0,0,2,0,1,0,11,250,5,14,41,80,27,33
M,37,48,0,0,1,0,0,0,0,0,0,8,4,0,0,4,0,1,0,12,206,6,16,44,79,28,36
F,75,98,0,0,1,1,0,0,0,0,0,9,5,0,0,3,0,1,0,10,270,5,14,43,87,29,34
F,54,58,0,0,0,0,0,0,0,0,0,7,4,0,0,3,0,1,0,10,310,4,12,37,85,28,33
F,25,73,0,0,1,0,0,0,0,0,0,7,4,0,0,2,0,0,0,10,293,4,13,38,86,30,35
F,69,92,1,1,1,1,0,0,0,0,0,3,1,0,0,2,0,0,0,12,230,4,12,37,86,28,33
F,43,80,0,?,0,0,0,0,0,0,0,8,5,0,0,2,0,1,0,10,421,4,14,39,88,31,35
F,52,16,0,0,2,2,0,0,0,0,0,4,2,0,0,2,0,0,0,12,212,5,13,39,81,28,34
F,34,105,1,1,0,0,0,0,0,0,0,8,5,0,0,2,0,1,0,11,362,5,13,38,81,27,33
F,63,104,1,1,1,1,0,0,0,0,0,6,3,0,0,2,0,1,0,12,145,4,13,39,89,30,34
F,59,54,0,?,1,1,0,0,0,0,0,6,4,0,0,1,0,1,0,10,221,5,13,38,83,28,34
F,52,77,1,1,0,0,0,0,0,0,0,5,2,0,0,3,0,1,0,11,314,5,14,41,84,28,34
F,66,42,0,0,1,1,0,0,0,0,0,7,4,0,0,2,0,1,0,10,253,4,14,39,87,30,35
F,57,1,0,?,0,0,0,0,0,0,0,11,5,0,0,5,0,1,0,11,354,4,12,36,89,29,33
F,31,39,0,0,1,1,0,0,0,0,0,7,4,0,1,2,0,0,0,11,207,4,13,40,85,29,34
M,54,83,0,?,0,0,0,0,0,0,0,10,7,0,0,2,0,1,0,10,340,4,13,39,89,30,33
F,65,51,1,0,1,1,0,0,0,0,0,7,4,0,0,2,0,1,0,12,249,4,15,0,92,33,36
F,48,55,0,0,1,1,0,0,0,0,0,8,5,0,0,2,0,1,0,13,196,4,14,39,80,28,35
F,52,86,0,?,2,2,0,0,0,0,0,3,1,0,0,2,0,0,0,10,163,5,14,39,84,29,34
F,59,120,0,0,1,1,0,0,0,0,0,6,3,0,0,3,0,1,0,9,262,5,13,41,82,27,33
F,33,53,0,0,0,0,0,0,0,0,0,8,3,0,0,3,0,1,0,12,301,5,15,43,81,28,34
M,39,41,1,1,1,1,0,0,0,0,0,8,4,0,0,3,0,1,0,9,282,4,13,38,86,30,35
M,48,100,1,1,1,1,0,0,0,0,0,11,7,0,0,3,0,1,0,9,389,4,14,40,101,36,36
M,66,6,0,0,2,2,0,0,0,0,0,6,3,0,0,2,0,0,0,9,248,4,12,35,92,31,34
M,44,2,0,0,1,1,0,0,0,0,0,8,5,0,0,2,0,1,0,11,233,5,13,40,86,29,33
M,59,90,0,0,0,0,0,0,0,0,0,8,3,0,0,4,0,1,0,10,317,5,16,48,89,31,35
F,59,70,1,?,0,0,0,0,0,0,0,10,7,0,0,3,0,0,0,11,321,4,14,40,88,30,34
M,47,117,0,0,0,0,0,0,0,0,0,8,4,0,0,2,0,1,0,10,243,5,15,46,85,28,33
F,50,50,0,?,1,1,0,0,0,0,0,6,4,0,0,2,0,0,0,10,328,5,13,38,78,26,34
M,47,30,0,0,1,1,0,0,0,0,0,5,2,0,0,2,0,0,0,11,189,4,15,41,85,31,36
F,48,87,0,0,0,0,0,0,0,0,0,7,4,0,0,2,0,1,0,12,125,5,14,39,86,30,35
F,67,71,1,1,1,1,0,0,0,0,0,5,3,0,0,2,0,0,0,11,231,3,7,22,87,27,30
M,21,122,0,0,2,1,0,0,0,0,0,6,4,0,0,2,0,1,0,12,176,6,16,44,80,29,36
F,56,111,0,0,2,1,0,0,0,0,0,4,3,0,0,1,0,0,0,11,140,4,10,30,82,26,32
F,38,44,0,0,1,0,0,0,0,0,0,9,6,0,0,3,0,0,0,10,156,5,13,37,79,28,35
F,57,75,0,?,1,1,0,0,0,0,0,6,3,0,0,2,0,1,0,11,280,4,14,40,91,31,34