GÃªnero,Idade_clinica,PROVAVEL_HAM/TSP,Expression_CD39_Diplotypes,rs10748643,rs11188513,PCA_Hemacias,PCA_Leucocitos,PCA_Plaquetas
1,4.736.842.105.263.150,0,2,1,1,30.217.713.528.163.000,-6.330.168.861.458.030,-4.593.373.584.870.600
1,5.789.473.684.210.520,0,2,2,0,-1.399.901.585.411.770,5.399.575.419.228.400,-23.184.536.330.339.000
0,42.105.263.157.894.700,0,2,1,1,-4.673.109.962.197.000,43.798.541.366.546.300,16.455.858.688.863.400
1,17.543.859.649.122.800,0,3,1,2,9.360.613.067.386.330,8.805.215.341.488.890,6.808.293.896.735.320
1,6.491.228.070.175.430,0,3,1,0,-11.706.108.925.920.800,8.805.215.341.488.890,-35.243.992.320.499.100
1,45.614.035.087.719.200,0,1,2,2,-22.077.042.553.013.500,11.166.494.151.070.600,-16.825.914.080.981.800
1,22.807.017.543.859.600,0,1,2,1,-5.917.031.682.334.010,31.563.979.851.395.000,3.965.154.099.421.110
1,49.122.807.017.543.800,0,3,1,0,-6.691.563.987.100.660,20.653.060.997.668.200,-20.553.382.296.122.200
0,5.087.719.298.245.610,0,3,1,0,-2.462.699.954.438.530,6.994.147.475.387.680,4.396.402.698.703.290
1,631.578.947.368.421,0,2,1,1,1.993.243.527.186.520,-5.882.015.789.904.430,665.746.915.146.993
1,6.666.666.666.666.660,0,1,2,2,21.360.113.952.656.500,-8.691.447.671.039.850,-4.593.373.584.870.600
0,7.543.859.649.122.800,1,2,1,1,18.543.822.526.506.400,-5.498.240.840.879.610,2.395.697.344.937.770
0,3.157.894.736.842.100,0,2,1,1,-1.321.944.297.750.700,8.805.215.341.488.890,-43.741.107.486.858.800
1,49.122.807.017.543.800,1,2,1,1,-53.029.512.417.418.900,-18.178.014.517.637.400,8.881.973.197.476.250
1,5.263.157.894.736.840,0,3,0,0,-11.801.336.347.142.000,22.464.128.863.769.400,-47.257.269.980.425.700
1,6.666.666.666.666.660,0,3,0,0,21.034.504.069.042.900,31.563.979.851.395.000,-17.702.965.425.720.800
0,6.666.666.666.666.660,1,2,1,1,-11.962.297.304.578.300,4.763.629.085.679.450,-8.101.578.963.826.270
1,33.333.333.333.333.300,0,2,1,1,-10.925.962.043.615.600,-19.989.082.383.738.600,37.020.386.959.994.400
1,49.122.807.017.543.800,0,1,2,2,22.396.449.213.619.100,31.563.979.851.395.000,20.356.411.409.954.900
1,5.263.157.894.736.840,0,2,1,1,18.478.088.990.291.400,-18.178.014.517.637.400,-9.370.977.650.701.090
1,6.140.350.877.192.980,1,2,2,0,8.074.547.515.145.930,-1.252.919.716.128.800,-17.264.439.753.351.300
1,9.649.122.807.017.540,0,1,2,2,225.515.260.893.702,-43.134.562.752.616.700,8.170.049.244.077.240
0,8.245.614.035.087.710,0,2,2,0,-20.138.665.387.741.900,31.563.979.851.395.000,2.781.134.784.023.570
1,45.614.035.087.719.200,0,2,1,1,-11.923.231.369.145.800,-3.183.692.803.991.800,10.581.940.442.109.200
0,0.0,0,3,1,0,-2.877.635.509.038.980,-30.426.303.146.904.600,13.778.526.324.413.100
0,49.122.807.017.543.800,0,2,1,1,-21.527.278.133.100.700,-14.340.265.027.389.200,7.950.786.407.892.520
0,9.824.561.403.508.770,1,2,1,1,-16.740.001.693.626.400,20.653.060.997.668.200,2.189.125.126.324.800
0,5.263.157.894.736.840,0,2,1,1,-32.871.172.303.495.700,-14.340.265.027.389.200,-3.212.813.428.367.930
0,3.508.771.929.824.560,0,3,0,0,17.839.555.236.537.100,31.563.979.851.395.000,37.847.925.203.826.600
1,9.473.684.210.526.310,0,1,2,1,13.566.091.244.589.600,20.653.060.997.668.200,14.701.755.999.385.500
1,7.017.543.859.649.120,0,3,0,0,2.164.354.393.779.100,-5.882.015.789.904.430,-1.594.886.273.624.290
1,8.947.368.421.052.630,0,2,1,1,19.998.168.808.080.300,-68.135.150.510.868,27.658.714.142.699.400
1,0.0,1,3,0,0,155.115.085.654.404,4.967.465.851.240.710,23.864.616.788.910.600
0,8.947.368.421.052.630,0,2,1,1,7.380.720.670.673.850,-374.857.453.962.674,1.035.026.354.758.270
1,17.543.859.649.122.800,1,3,0,0,14.243.116.928.081.900,10.831.896.965.635.800,-21.211.170.804.676.400
0,3.508.771.929.824.560,0,2,1,1,-692.127.199.650.034,-26.188.110.683.568.600,-4.484.537.878.239.360
1,3.157.894.736.842.100,0,3,0,0,12.404.172.992.882.100,-26.188.110.683.568.600,-19.018.542.442.829.100
1,22.807.017.543.859.600,1,3,0,0,-19.013.560.792.937.800,16.815.311.507.420.000,-10.686.554.667.809.400
1,5.789.473.684.210.520,1,1,2,1,9.979.224.986.560.730,20.653.060.997.668.200,6.981.745.572.723.660
0,7.368.421.052.631.570,1,2,1,1,-8.109.670.617.465.640,8.805.215.341.488.890,-22.526.747.821.784.800
0,631.578.947.368.421,0,3,0,0,17.744.327.815.315.900,31.563.979.851.395.000,26.884.783.394.590.100
0,7.719.298.245.614.030,1,2,1,1,2.966.483.514.520.370,-14.340.265.027.389.200,22.329.776.935.617.500
0,19.298.245.614.035.000,0,2,1,1,-2.502.116.924.843.760,-14.340.265.027.389.200,-8.713.189.142.146.910
1,7.368.421.052.631.570,0,2,2,0,10.044.958.522.775.700,12.642.964.831.737.000,-17.264.439.753.351.300
1,15.789.473.684.210.500,1,2,1,1,16.411.876.555.745.800,34.311.974.519.948.800,-5.689.687.765.794.250
0,7.017.543.859.649.120,1,1,2,1,836.294.995.554.998,-19.989.082.383.738.600,-21.814.823.868.385.800
1,8.947.368.421.052.630,0,3,0,0,981.826.402.912.446,10.616.283.207.590.100,-9.590.240.486.885.820
1,24.561.403.508.771.900,0,2,1,1,-11.574.067.847.796.200,3.996.079.187.629.820,-15.729.599.900.058.200
1,12.280.701.754.385.900,0,3,1,0,19.445.864.430.815.400,4.967.465.851.240.710,3.911.698.696.100.280
1,6.140.350.877.192.980,0,3,1,0,45.366.351.544.303.900,-14.340.265.027.389.200,-210.380.862.987.253
1,5.614.035.087.719.290,0,1,2,1,-15.256.161.527.046.300,12.642.964.831.737.000,47.887.500.408.391.900
0,6.666.666.666.666.660,0,3,0,0,-31.773.490.453.966.100,-3.183.692.803.991.800,21.498.903.921.112.100
0,8.421.052.631.578.940,0,2,1,1,-18.842.453.779.380.800,-19.989.082.383.738.600,28.615.628.454.101.900
1,36.842.105.263.157.800,1,2,1,1,-13.676.519.933.550.600,31.563.979.851.395.000,4.615.665.534.888.020
0,33.333.333.333.333.300,0,3,1,0,-6.143.147.758.800.160,10.616.283.207.590.100,28.249.873.512.605.200
1,10.000.000.000.000.000,0,2,1,1,-15.190.427.990.831.300,26.301.878.354.017.600,-13.756.234.374.395.600
1,631.578.947.368.421,0,3,0,0,223.573.832.781.867,4.967.465.851.240.710,-22.526.747.821.784.800
1,12.280.701.754.385.900,0,3,1,0,9.979.224.986.560.730,31.563.979.851.395.000,-18.799.279.606.644.400
1,8.947.368.421.052.630,1,2,1,1,23.071.222.618.582.300,-5.317.134.054.269.490,22.987.565.444.171.700
1,4.385.964.912.280.700,0,3,0,0,8.429.651.283.765.670,20.653.060.997.668.200,-46.864.922.638.289.800
1,5.964.912.280.701.750,0,1,2,2,-14.551.894.237.077.000,-3.567.467.753.016.610,2.693.429.649.549.680
1,2.807.017.543.859.640,1,3,0,0,-8.794.016.072.855.070,20.653.060.997.668.200,-19.941.772.117.801.600
1,7.894.736.842.105.260,1,2,1,1,1.647.761.009.196.090,-14.340.265.027.389.200,41.624.906.519.873.700
1,719.298.245.614.035,0,2,1,1,-124.761.097.521.052,-2.492.419.371.209.890,-3.012.355.401.343.940
1,5.964.912.280.701.750,1,3,0,0,-1.593.093.493.200.950,-300.258.601.738.168,-941.715.598.093.465
1,8.421.052.631.578.940,0,2,1,1,782.061.141.501.757,31.563.979.851.395.000,-1.002.876.615.925.520
1,6.842.105.263.157.890,0,3,0,0,2.575.604.697.230.220,3.759.951.306.671.640,-18.187.669.428.323.800
1,22.807.017.543.859.600,0,2,1,1,1.307.894.639.784.530,31.563.979.851.395.000,14.043.967.490.831.300
0,631.578.947.368.421,0,3,0,0,21.482.582.980.354.700,5.564.638.702.272.570,-2.910.463.290.732.670
1,8.245.614.035.087.710,1,2,1,1,2.912.221.606.894.410,31.563.979.851.395.000,1.882.157.155.666.180
1,5.263.157.894.736.840,0,2,1,1,30.333.349.755.431.900,20.653.060.997.668.200,44.429.145.060.041.600
1,5.964.912.280.701.750,0,1,2,2,-14.739.522.795.295.800,-5.317.134.054.269.490,9.704.889.097.370.350
1,719.298.245.614.035,0,2,1,1,-10.024.494.145.001.200,-1.252.919.716.128.800,-25.988.774.870.506.900
1,26.315.789.473.684.200,0,3,0,0,-21.593.011.669.315.800,-4.853.698.180.791.670,7.419.904.075.055.950
0,36.842.105.263.157.800,1,2,1,1,9.979.224.986.560.730,8.805.215.341.488.890,-30.374.031.594.201.500
0,5.263.157.894.736.840,1,2,1,1,11.532.486.658.096.800,6.129.520.437.907.510,-5.383.515.506.596.750
0,8.421.052.631.578.940,0,1,2,2,23.331.098.965.980.800,-14.340.265.027.389.200,-22.919.095.163.920.700
0,45.614.035.087.719.200,0,2,1,1,-6.730.629.922.533.140,20.653.060.997.668.200,8.343.133.750.028.420
0,719.298.245.614.035,0,3,0,0,-26.666.544.378.148.300,-30.426.303.146.904.600,-24.061.587.675.077.900
1,719.298.245.614.035,1,3,0,0,12.891.317.839.626.400,5.745.745.488.882.690,-10.951.995.834.227.700
0,5.087.719.298.245.610,0,3,0,0,-1.567.699.883.188.120,6.994.147.475.387.680,-7.836.137.797.407.990
1,5.614.035.087.719.290,0,2,1,1,-15.835.707.510.788.300,-68.135.150.510.868,-26.473.478.873.109.900
0,5.087.719.298.245.610,0,2,1,1,-2.237.398.341.934.440,-3.183.692.803.991.800,1.799.069.854.215.650
1,5.263.157.894.736.840,0,3,0,0,-18.421.616.474.546.000,31.563.979.851.395.000,46.010.163.243.568.300
1,8.596.491.228.070.170,1,2,1,1,8.527.649.124.647.490,-18.178.014.517.637.400,8.781.659.422.397.880
0,5.263.157.894.736.840,0,1,2,1,-608.224.377.192.535,-68.135.150.510.868,34.827.758.598.147.100
1,6.666.666.666.666.660,0,1,2,1,34.415.871.933.469.200,-2.382.683.187.398.680,28.734.577.515.208.200
1,3.508.771.929.824.560,0,3,1,0,-19.688.334.197.901.000,3.996.079.187.629.820,11.239.728.950.663.400
1,6.842.105.263.157.890,0,2,1,1,14.928.036.389.165.800,-14.340.265.027.389.200,-19.622.195.506.538.500